Time,Header.seq,Header.stamp.secs,Header.stamp.nsecs,Header.frame_id,Latitude,Longitude,Altitude,UTM_easting,UTM_northing,RTK,Zone,Letter
1665096408.033698,0,82008,0,GPS1_Frame,42.338263999999995,-71.08651,27.4,328114.8001630078,4689442.781484822,4,19,T
1665096409.0522926,0,82009,0,GPS1_Frame,42.338263999999995,-71.08651,27.4,328114.8001630078,4689442.781484822,4,19,T
1665096410.028174,0,82010,0,GPS1_Frame,42.338263999999995,-71.08651,27.4,328114.8001630078,4689442.781484822,4,19,T
1665096411.0514095,0,82011,0,GPS1_Frame,42.338263999999995,-71.08651,27.4,328114.8001630078,4689442.781484822,4,19,T
1665096412.0293927,0,82012,0,GPS1_Frame,42.338263999999995,-71.08651,27.4,328114.8001630078,4689442.781484822,4,19,T
1665096413.05323,0,82013,0,GPS1_Frame,42.338263999999995,-71.08651,27.4,328114.8001630078,4689442.781484822,4,19,T
1665096414.0302289,0,82014,0,GPS1_Frame,42.338263999999995,-71.08651,27.4,328114.8001630078,4689442.781484822,4,19,T
1665096415.0530176,0,82015,0,GPS1_Frame,42.338263999999995,-71.08651,27.4,328114.8001630078,4689442.781484822,4,19,T
1665096416.0267541,0,82016,0,GPS1_Frame,42.338263999999995,-71.08651,27.4,328114.8001630078,4689442.781484822,4,19,T
1665096417.0520537,0,82017,0,GPS1_Frame,42.338263999999995,-71.08651,27.4,328114.8001630078,4689442.781484822,4,19,T
1665096418.0303829,0,82018,0,GPS1_Frame,42.338263999999995,-71.08651,27.4,328114.8001630078,4689442.781484822,4,19,T
1665096419.049388,0,82019,0,GPS1_Frame,42.338263999999995,-71.08651,27.4,328114.8001630078,4689442.781484822,4,19,T
1665096420.0238209,0,82020,0,GPS1_Frame,42.338263999999995,-71.08651016666666,27.4,328114.7864325545,4689442.781821734,4,19,T
1665096421.053469,0,82021,0,GPS1_Frame,42.338263999999995,-71.08651,27.4,328114.8001630078,4689442.781484822,4,19,T
1665096422.0280201,0,82022,0,GPS1_Frame,42.338263999999995,-71.08651,27.4,328114.8001630078,4689442.781484822,4,19,T
1665096423.054423,0,82023,0,GPS1_Frame,42.338263999999995,-71.08651,27.4,328114.8001630078,4689442.781484822,4,19,T
1665096424.0256073,0,82024,0,GPS1_Frame,42.338263999999995,-71.08651,27.4,328114.8001630078,4689442.781484822,4,19,T
1665096425.0535467,0,82025,0,GPS1_Frame,42.338263999999995,-71.08651,27.4,328114.8001630078,4689442.781484822,4,19,T
1665096426.0301573,0,82026,0,GPS1_Frame,42.338263999999995,-71.08651,27.4,328114.8001630078,4689442.781484822,4,19,T
1665096427.0519373,0,82027,0,GPS1_Frame,42.338263999999995,-71.08651,27.4,328114.8001630078,4689442.781484822,4,19,T
1665096428.0292227,0,82028,0,GPS1_Frame,42.338263999999995,-71.08651,27.4,328114.8001630078,4689442.781484822,4,19,T
1665096429.051006,0,82029,0,GPS1_Frame,42.338263999999995,-71.08651,27.4,328114.8001630078,4689442.781484822,4,19,T
1665096430.028391,0,82030,0,GPS1_Frame,42.338263999999995,-71.08651,27.4,328114.8001630078,4689442.781484822,4,19,T
1665096431.0535989,0,82031,0,GPS1_Frame,42.338263999999995,-71.08651016666666,27.4,328114.7864325545,4689442.781821734,4,19,T
1665096432.0288296,0,82032,0,GPS1_Frame,42.338263999999995,-71.08651016666666,27.4,328114.7864325545,4689442.781821734,4,19,T
1665096433.0544293,0,82033,0,GPS1_Frame,42.338263999999995,-71.08651016666666,27.4,328114.7864325545,4689442.781821734,4,19,T
1665096434.0305817,0,82034,0,GPS1_Frame,42.338263999999995,-71.08651016666666,27.4,328114.7864325545,4689442.781821734,4,19,T
1665096435.0525098,0,82035,0,GPS1_Frame,42.338264166666676,-71.08651016666666,27.4,328114.7868866741,4689442.800328799,4,19,T
1665096436.0290701,0,82036,0,GPS1_Frame,42.338263999999995,-71.08651,27.4,328114.8001630078,4689442.781484822,4,19,T
1665096437.0509455,0,82037,0,GPS1_Frame,42.338263999999995,-71.08651016666666,27.4,328114.7864325545,4689442.781821734,4,19,T
1665096438.0252507,0,82038,0,GPS1_Frame,42.338263999999995,-71.08651016666666,27.4,328114.7864325545,4689442.781821734,4,19,T
1665096439.0536945,0,82039,0,GPS1_Frame,42.338263999999995,-71.08651,27.4,328114.8001630078,4689442.781484822,4,19,T
1665096440.0298254,0,82040,0,GPS1_Frame,42.338263999999995,-71.08651016666666,27.4,328114.7864325545,4689442.781821734,4,19,T
1665096441.0548985,0,82041,0,GPS1_Frame,42.338263999999995,-71.08651,27.4,328114.8001630078,4689442.781484822,4,19,T
1665096442.029673,0,82042,0,GPS1_Frame,42.338263999999995,-71.08651016666666,27.4,328114.7864325545,4689442.781821734,4,19,T
1665096443.0539594,0,82043,0,GPS1_Frame,42.338263999999995,-71.08651016666666,27.4,328114.7864325545,4689442.781821734,4,19,T
1665096444.0295208,0,82044,0,GPS1_Frame,42.338263999999995,-71.08651016666666,27.4,328114.7864325545,4689442.781821734,4,19,T
1665096445.0524652,0,82045,0,GPS1_Frame,42.338264166666676,-71.08651016666666,27.4,328114.7868866741,4689442.800328799,4,19,T
1665096446.0269485,0,82046,0,GPS1_Frame,42.338264166666676,-71.08651016666666,27.4,328114.7868866741,4689442.800328799,4,19,T
1665096447.0504956,0,82047,0,GPS1_Frame,42.338264166666676,-71.08651,27.4,328114.80061712745,4689442.799991886,4,19,T
1665096448.029204,0,82048,0,GPS1_Frame,42.338263999999995,-71.08651,27.4,328114.8001630078,4689442.781484822,4,19,T
1665096449.0553877,0,82049,0,GPS1_Frame,42.338263999999995,-71.08651,27.4,328114.8001630078,4689442.781484822,4,19,T
1665096450.0310493,0,82050,0,GPS1_Frame,42.338263999999995,-71.08651,27.4,328114.8001630078,4689442.781484822,4,19,T
1665096451.0547473,0,82051,0,GPS1_Frame,42.338263999999995,-71.08651,27.4,328114.8001630078,4689442.781484822,4,19,T
1665096452.0300968,0,82052,0,GPS1_Frame,42.338263999999995,-71.08651,27.4,328114.8001630078,4689442.781484822,4,19,T
1665096453.0528557,0,82053,0,GPS1_Frame,42.338263999999995,-71.08651,27.4,328114.8001630078,4689442.781484822,4,19,T
1665096454.0307362,0,82054,0,GPS1_Frame,42.338263999999995,-71.08651016666666,27.4,328114.7864325545,4689442.781821734,4,19,T
1665096455.0492911,0,82055,0,GPS1_Frame,42.338263999999995,-71.08651016666666,27.4,328114.7864325545,4689442.781821734,4,19,T
1665096456.026222,0,82056,0,GPS1_Frame,42.338263999999995,-71.08651,27.4,328114.8001630078,4689442.781484822,4,19,T
1665096457.0518308,0,82057,0,GPS1_Frame,42.338263999999995,-71.08651,27.4,328114.8001630078,4689442.781484822,4,19,T
1665096458.0270169,0,82058,0,GPS1_Frame,42.338263999999995,-71.08651016666666,27.4,328114.7864325545,4689442.781821734,4,19,T
1665096459.0520692,0,82059,0,GPS1_Frame,42.338263999999995,-71.08651016666666,27.4,328114.7864325545,4689442.781821734,4,19,T
1665096460.0279505,0,82060,0,GPS1_Frame,42.338263999999995,-71.08651,27.4,328114.8001630078,4689442.781484822,4,19,T
1665096461.0518155,0,82061,0,GPS1_Frame,42.338263999999995,-71.08651,27.4,328114.8001630078,4689442.781484822,4,19,T
1665096462.030277,0,82062,0,GPS1_Frame,42.338263999999995,-71.08651016666666,27.4,328114.7864325545,4689442.781821734,4,19,T
1665096463.0525303,0,82063,0,GPS1_Frame,42.338263999999995,-71.08651016666666,27.4,328114.7864325545,4689442.781821734,4,19,T
1665096464.0282865,0,82064,0,GPS1_Frame,42.338263999999995,-71.08651,27.4,328114.8001630078,4689442.781484822,4,19,T
1665096465.0502014,0,82065,0,GPS1_Frame,42.338263999999995,-71.08651016666666,27.4,328114.7864325545,4689442.781821734,4,19,T
1665096466.0274408,0,82066,0,GPS1_Frame,42.338263999999995,-71.08651016666666,27.4,328114.7864325545,4689442.781821734,4,19,T
1665096467.0513682,0,82067,0,GPS1_Frame,42.338263999999995,-71.08651016666666,27.4,328114.7864325545,4689442.781821734,4,19,T
1665096468.0275352,0,82068,0,GPS1_Frame,42.338263999999995,-71.08651,27.4,328114.8001630078,4689442.781484822,4,19,T
1665096469.0507843,0,82069,0,GPS1_Frame,42.338264166666676,-71.08651016666666,27.4,328114.7868866741,4689442.800328799,4,19,T
1665096470.0291278,0,82070,0,GPS1_Frame,42.338264166666676,-71.08651,27.4,328114.80061712745,4689442.799991886,4,19,T
1665096471.0518525,0,82071,0,GPS1_Frame,42.338263999999995,-71.08651,27.4,328114.8001630078,4689442.781484822,4,19,T
1665096472.0296233,0,82072,0,GPS1_Frame,42.338264166666676,-71.08651,27.4,328114.80061712745,4689442.799991886,4,19,T
1665096473.0487907,0,82073,0,GPS1_Frame,42.338264166666676,-71.08651016666666,27.4,328114.7868866741,4689442.800328799,4,19,T
1665096474.0261004,0,82074,0,GPS1_Frame,42.338263999999995,-71.08651016666666,27.4,328114.7864325545,4689442.781821734,4,19,T
1665096475.0525386,0,82075,0,GPS1_Frame,42.338263999999995,-71.08651,27.4,328114.8001630078,4689442.781484822,4,19,T
1665096476.0283153,0,82076,0,GPS1_Frame,42.338263999999995,-71.08651,27.4,328114.8001630078,4689442.781484822,4,19,T
1665096477.0520744,0,82077,0,GPS1_Frame,42.338263999999995,-71.08651,27.4,328114.8001630078,4689442.781484822,4,19,T
1665096478.0286841,0,82078,0,GPS1_Frame,42.338263999999995,-71.08651016666666,27.4,328114.7864325545,4689442.781821734,4,19,T
1665096479.0532382,0,82079,0,GPS1_Frame,42.338263999999995,-71.08651016666666,27.4,328114.7864325545,4689442.781821734,4,19,T
1665096480.0264626,0,82080,0,GPS1_Frame,42.338263999999995,-71.08651016666666,27.4,328114.7864325545,4689442.781821734,4,19,T
1665096481.0505993,0,82081,0,GPS1_Frame,42.338263999999995,-71.08651,27.4,328114.8001630078,4689442.781484822,4,19,T
1665096482.0274158,0,82082,0,GPS1_Frame,42.338263999999995,-71.08651,27.4,328114.8001630078,4689442.781484822,4,19,T
1665096483.0504477,0,82083,0,GPS1_Frame,42.338263999999995,-71.08651,27.4,328114.8001630078,4689442.781484822,4,19,T
1665096484.0277224,0,82084,0,GPS1_Frame,42.338263999999995,-71.08651,27.4,328114.8001630078,4689442.781484822,4,19,T
1665096485.0501723,0,82085,0,GPS1_Frame,42.338263999999995,-71.08651016666666,27.4,328114.7864325545,4689442.781821734,4,19,T
1665096486.0291343,0,82086,0,GPS1_Frame,42.338263999999995,-71.08651,27.4,328114.8001630078,4689442.781484822,4,19,T
1665096487.049394,0,82087,0,GPS1_Frame,42.338263999999995,-71.08651,27.4,328114.8001630078,4689442.781484822,4,19,T
1665096488.0274713,0,82088,0,GPS1_Frame,42.338263999999995,-71.08651,27.4,328114.8001630078,4689442.781484822,4,19,T
1665096489.054828,0,82089,0,GPS1_Frame,42.338263999999995,-71.08651016666666,27.4,328114.7864325545,4689442.781821734,4,19,T
1665096490.0271866,0,82090,0,GPS1_Frame,42.338263999999995,-71.08651016666666,27.4,328114.7864325545,4689442.781821734,4,19,T
1665096491.0447605,0,82091,0,GPS1_Frame,42.338263999999995,-71.08651,27.4,328114.8001630078,4689442.781484822,4,19,T
1665096492.024834,0,82092,0,GPS1_Frame,42.338263999999995,-71.08651,27.4,328114.8001630078,4689442.781484822,4,19,T
1665096493.05137,0,82093,0,GPS1_Frame,42.338263999999995,-71.08651,27.4,328114.8001630078,4689442.781484822,4,19,T
1665096494.027373,0,82094,0,GPS1_Frame,42.338263999999995,-71.08651,27.4,328114.8001630078,4689442.781484822,4,19,T
1665096495.0517333,0,82095,0,GPS1_Frame,42.338263999999995,-71.08651,27.4,328114.8001630078,4689442.781484822,4,19,T
1665096496.0272193,0,82096,0,GPS1_Frame,42.338263999999995,-71.08651,27.4,328114.8001630078,4689442.781484822,4,19,T
1665096497.050836,0,82097,0,GPS1_Frame,42.338263999999995,-71.08651,27.4,328114.8001630078,4689442.781484822,4,19,T
1665096498.0279891,0,82098,0,GPS1_Frame,42.338264166666676,-71.08651,27.4,328114.80061712745,4689442.799991886,4,19,T
1665096499.0512676,0,82099,0,GPS1_Frame,42.338264166666676,-71.08651,27.4,328114.80061712745,4689442.799991886,4,19,T
1665096500.0262694,0,82100,0,GPS1_Frame,42.338264166666676,-71.08651,27.4,328114.80061712745,4689442.799991886,4,19,T
1665096501.0497649,0,82101,0,GPS1_Frame,42.338263999999995,-71.08651,27.4,328114.8001630078,4689442.781484822,4,19,T
1665096502.0270684,0,82102,0,GPS1_Frame,42.338263999999995,-71.08651,27.4,328114.8001630078,4689442.781484822,4,19,T
1665096503.051445,0,82103,0,GPS1_Frame,42.338263999999995,-71.08651,27.4,328114.8001630078,4689442.781484822,4,19,T
1665096504.0275517,0,82104,0,GPS1_Frame,42.338263999999995,-71.08651,27.4,328114.8001630078,4689442.781484822,4,19,T
1665096505.0520625,0,82105,0,GPS1_Frame,42.338263999999995,-71.08651,27.4,328114.8001630078,4689442.781484822,4,19,T
1665096506.0282304,0,82106,0,GPS1_Frame,42.338263999999995,-71.08651,27.4,328114.8001630078,4689442.781484822,4,19,T
1665096507.0516207,0,82107,0,GPS1_Frame,42.338263999999995,-71.08651,27.4,328114.8001630078,4689442.781484822,4,19,T
1665096508.0287678,0,82108,0,GPS1_Frame,42.338263999999995,-71.08651,27.4,328114.8001630078,4689442.781484822,4,19,T
1665096509.0479534,0,82109,0,GPS1_Frame,42.338263999999995,-71.08651,27.4,328114.8001630078,4689442.781484822,4,19,T
1665096510.0258281,0,82110,0,GPS1_Frame,42.338263999999995,-71.08651,27.4,328114.8001630078,4689442.781484822,4,19,T
1665096511.050281,0,82111,0,GPS1_Frame,42.338264166666676,-71.08651,27.4,328114.80061712745,4689442.799991886,4,19,T
1665096512.0279217,0,82112,0,GPS1_Frame,42.338264166666676,-71.08651,27.4,328114.80061712745,4689442.799991886,4,19,T
1665096513.049379,0,82113,0,GPS1_Frame,42.338264166666676,-71.08651,27.4,328114.80061712745,4689442.799991886,4,19,T
1665096514.0282636,0,82114,0,GPS1_Frame,42.338263999999995,-71.08651,27.4,328114.8001630078,4689442.781484822,4,19,T
1665096515.0503478,0,82115,0,GPS1_Frame,42.338263999999995,-71.08651,27.4,328114.8001630078,4689442.781484822,4,19,T
1665096516.0283058,0,82116,0,GPS1_Frame,42.338263999999995,-71.08651,27.4,328114.8001630078,4689442.781484822,4,19,T
1665096517.0505147,0,82117,0,GPS1_Frame,42.338263999999995,-71.08651,27.4,328114.8001630078,4689442.781484822,4,19,T
1665096518.0272417,0,82118,0,GPS1_Frame,42.338264166666676,-71.08651,27.4,328114.80061712745,4689442.799991886,4,19,T
1665096519.0492792,0,82119,0,GPS1_Frame,42.338264166666676,-71.08651,27.4,328114.80061712745,4689442.799991886,4,19,T
1665096520.0269492,0,82120,0,GPS1_Frame,42.338263999999995,-71.08651016666666,27.4,328114.7864325545,4689442.781821734,4,19,T
1665096521.0507872,0,82121,0,GPS1_Frame,42.338264166666676,-71.08651016666666,27.4,328114.7868866741,4689442.800328799,4,19,T
1665096522.0277207,0,82122,0,GPS1_Frame,42.338263999999995,-71.08651,27.4,328114.8001630078,4689442.781484822,4,19,T
1665096523.0519145,0,82123,0,GPS1_Frame,42.338263999999995,-71.08651,27.4,328114.8001630078,4689442.781484822,4,19,T
1665096524.0249863,0,82124,0,GPS1_Frame,42.338264166666676,-71.08651,27.4,328114.80061712745,4689442.799991886,4,19,T
1665096525.0496593,0,82125,0,GPS1_Frame,42.338263999999995,-71.08651,27.4,328114.8001630078,4689442.781484822,4,19,T
1665096526.0260117,0,82126,0,GPS1_Frame,42.338263999999995,-71.08651,27.4,328114.8001630078,4689442.781484822,4,19,T
1665096527.04622,0,82127,0,GPS1_Frame,42.338263999999995,-71.08651016666666,27.4,328114.7864325545,4689442.781821734,4,19,T
1665096528.0262256,0,82128,0,GPS1_Frame,42.338263999999995,-71.08651,27.4,328114.8001630078,4689442.781484822,4,19,T
1665096529.0501502,0,82129,0,GPS1_Frame,42.338263999999995,-71.08651016666666,27.4,328114.7864325545,4689442.781821734,4,19,T
1665096530.025391,0,82130,0,GPS1_Frame,42.338263999999995,-71.08651,27.4,328114.8001630078,4689442.781484822,4,19,T
1665096531.0516975,0,82131,0,GPS1_Frame,42.338263999999995,-71.08651016666666,27.4,328114.7864325545,4689442.781821734,4,19,T
1665096532.0266843,0,82132,0,GPS1_Frame,42.338264166666676,-71.08651016666666,27.4,328114.7868866741,4689442.800328799,4,19,T
1665096533.0514023,0,82133,0,GPS1_Frame,42.338263999999995,-71.08651,27.4,328114.8001630078,4689442.781484822,4,19,T
1665096534.02681,0,82134,0,GPS1_Frame,42.338263999999995,-71.08651,27.4,328114.8001630078,4689442.781484822,4,19,T
1665096535.051254,0,82135,0,GPS1_Frame,42.338263999999995,-71.08651,27.4,328114.8001630078,4689442.781484822,4,19,T
1665096536.0261185,0,82136,0,GPS1_Frame,42.338263999999995,-71.08651,27.4,328114.8001630078,4689442.781484822,4,19,T
1665096537.049542,0,82137,0,GPS1_Frame,42.338263999999995,-71.08651,27.4,328114.8001630078,4689442.781484822,4,19,T
1665096538.0262675,0,82138,0,GPS1_Frame,42.338264166666676,-71.08651016666666,27.4,328114.7868866741,4689442.800328799,4,19,T
1665096539.0501285,0,82139,0,GPS1_Frame,42.338264166666676,-71.08651016666666,27.4,328114.7868866741,4689442.800328799,4,19,T
1665096540.027638,0,82140,0,GPS1_Frame,42.338264166666676,-71.08651016666666,27.4,328114.7868866741,4689442.800328799,4,19,T
1665096541.0475109,0,82141,0,GPS1_Frame,42.338263999999995,-71.08651,27.4,328114.8001630078,4689442.781484822,4,19,T
1665096542.0239894,0,82142,0,GPS1_Frame,42.338263999999995,-71.08651016666666,27.4,328114.7864325545,4689442.781821734,4,19,T
1665096543.0502853,0,82143,0,GPS1_Frame,42.338264166666676,-71.08651,27.4,328114.80061712745,4689442.799991886,4,19,T
1665096544.0263164,0,82144,0,GPS1_Frame,42.338263999999995,-71.08651,27.4,328114.8001630078,4689442.781484822,4,19,T
1665096545.047699,0,82145,0,GPS1_Frame,42.338263999999995,-71.08651016666666,27.4,328114.7864325545,4689442.781821734,4,19,T
1665096546.0257256,0,82146,0,GPS1_Frame,42.338263999999995,-71.08651,27.4,328114.8001630078,4689442.781484822,4,19,T
1665096547.0502303,0,82147,0,GPS1_Frame,42.338263999999995,-71.08651,27.4,328114.8001630078,4689442.781484822,4,19,T
1665096548.0236588,0,82148,0,GPS1_Frame,42.338263999999995,-71.08651016666666,27.4,328114.7864325545,4689442.781821734,4,19,T
1665096549.047953,0,82149,0,GPS1_Frame,42.338263999999995,-71.08651016666666,27.4,328114.7864325545,4689442.781821734,4,19,T
1665096550.0231335,0,82150,0,GPS1_Frame,42.338263999999995,-71.08651,27.4,328114.8001630078,4689442.781484822,4,19,T
1665096551.050284,0,82151,0,GPS1_Frame,42.338263999999995,-71.08651016666666,27.4,328114.7864325545,4689442.781821734,4,19,T
1665096552.0262885,0,82152,0,GPS1_Frame,42.338263999999995,-71.08651016666666,27.4,328114.7864325545,4689442.781821734,4,19,T
1665096553.0502005,0,82153,0,GPS1_Frame,42.338263999999995,-71.08651,27.4,328114.8001630078,4689442.781484822,4,19,T
1665096554.0243924,0,82154,0,GPS1_Frame,42.338263999999995,-71.08651,27.4,328114.8001630078,4689442.781484822,4,19,T
1665096555.0487382,0,82155,0,GPS1_Frame,42.338263999999995,-71.08651016666666,27.4,328114.7864325545,4689442.781821734,4,19,T
1665096556.0253751,0,82156,0,GPS1_Frame,42.338263999999995,-71.08651016666666,27.4,328114.7864325545,4689442.781821734,4,19,T
1665096557.0495734,0,82157,0,GPS1_Frame,42.338263999999995,-71.08651,27.4,328114.8001630078,4689442.781484822,4,19,T
1665096558.0261178,0,82158,0,GPS1_Frame,42.338263999999995,-71.08651016666666,27.4,328114.7864325545,4689442.781821734,4,19,T
1665096559.0482004,0,82159,0,GPS1_Frame,42.338263999999995,-71.08651016666666,27.4,328114.7864325545,4689442.781821734,4,19,T
1665096560.0264378,0,82160,0,GPS1_Frame,42.338264166666676,-71.08651016666666,27.4,328114.7868866741,4689442.800328799,4,19,T
1665096561.0503662,0,82161,0,GPS1_Frame,42.338264166666676,-71.08651016666666,27.4,328114.7868866741,4689442.800328799,4,19,T
1665096562.0257034,0,82162,0,GPS1_Frame,42.338263999999995,-71.08651016666666,27.4,328114.7864325545,4689442.781821734,4,19,T
1665096563.0469842,0,82163,0,GPS1_Frame,42.338263999999995,-71.08651016666666,27.4,328114.7864325545,4689442.781821734,4,19,T
1665096564.0238838,0,82164,0,GPS1_Frame,42.338263999999995,-71.08651016666666,27.4,328114.7864325545,4689442.781821734,4,19,T
1665096565.0484953,0,82165,0,GPS1_Frame,42.338263999999995,-71.08651016666666,27.4,328114.7864325545,4689442.781821734,4,19,T
1665096566.0259433,0,82166,0,GPS1_Frame,42.338263999999995,-71.08651016666666,27.4,328114.7864325545,4689442.781821734,4,19,T
1665096567.0513477,0,82167,0,GPS1_Frame,42.338263999999995,-71.08651016666666,27.4,328114.7864325545,4689442.781821734,4,19,T
1665096568.0262086,0,82168,0,GPS1_Frame,42.338263999999995,-71.08651016666666,27.4,328114.7864325545,4689442.781821734,4,19,T
1665096569.0495424,0,82169,0,GPS1_Frame,42.338263999999995,-71.08651016666666,27.4,328114.7864325545,4689442.781821734,4,19,T
1665096570.0287416,0,82170,0,GPS1_Frame,42.338263999999995,-71.08651016666666,27.4,328114.7864325545,4689442.781821734,4,19,T
1665096571.0447414,0,82171,0,GPS1_Frame,42.338263999999995,-71.08651,27.4,328114.8001630078,4689442.781484822,4,19,T
1665096572.024153,0,82172,0,GPS1_Frame,42.338263999999995,-71.08651,27.4,328114.8001630078,4689442.781484822,4,19,T
1665096573.047603,0,82173,0,GPS1_Frame,42.338263999999995,-71.08651016666666,27.4,328114.7864325545,4689442.781821734,4,19,T
1665096574.0255973,0,82174,0,GPS1_Frame,42.338263999999995,-71.08651016666666,27.4,328114.7864325545,4689442.781821734,4,19,T
1665096575.0485518,0,82175,0,GPS1_Frame,42.338263999999995,-71.08651016666666,27.4,328114.7864325545,4689442.781821734,4,19,T
1665096576.0272655,0,82176,0,GPS1_Frame,42.338263999999995,-71.08651016666666,27.4,328114.7864325545,4689442.781821734,4,19,T
1665096577.0482912,0,82177,0,GPS1_Frame,42.338263999999995,-71.08651016666666,27.4,328114.7864325545,4689442.781821734,4,19,T
1665096578.0258818,0,82178,0,GPS1_Frame,42.338263999999995,-71.08651,27.4,328114.8001630078,4689442.781484822,4,19,T
1665096579.04856,0,82179,0,GPS1_Frame,42.338263999999995,-71.08651,27.4,328114.8001630078,4689442.781484822,4,19,T
1665096580.0251708,0,82180,0,GPS1_Frame,42.338263999999995,-71.08651016666666,27.4,328114.7864325545,4689442.781821734,4,19,T
1665096581.045794,0,82181,0,GPS1_Frame,42.338264166666676,-71.08651016666666,27.4,328114.7868866741,4689442.800328799,4,19,T
1665096582.0231957,0,82182,0,GPS1_Frame,42.338263999999995,-71.08651016666666,27.4,328114.7864325545,4689442.781821734,4,19,T
1665096583.050055,0,82183,0,GPS1_Frame,42.338263999999995,-71.08651016666666,27.4,328114.7864325545,4689442.781821734,4,19,T
1665096584.0263367,0,82184,0,GPS1_Frame,42.338263999999995,-71.08651,27.4,328114.8001630078,4689442.781484822,4,19,T
1665096585.0509067,0,82185,0,GPS1_Frame,42.338263999999995,-71.08651,27.4,328114.8001630078,4689442.781484822,4,19,T
1665096586.0247982,0,82186,0,GPS1_Frame,42.338263999999995,-71.08651,27.4,328114.8001630078,4689442.781484822,4,19,T
1665096587.0484564,0,82187,0,GPS1_Frame,42.338263999999995,-71.08651016666666,27.4,328114.7864325545,4689442.781821734,4,19,T
1665096588.0266418,0,82188,0,GPS1_Frame,42.338263999999995,-71.08651,27.4,328114.8001630078,4689442.781484822,4,19,T
1665096589.0477781,0,82189,0,GPS1_Frame,42.338263999999995,-71.08651,27.4,328114.8001630078,4689442.781484822,4,19,T
1665096590.0240767,0,82190,0,GPS1_Frame,42.338263999999995,-71.08651,27.4,328114.8001630078,4689442.781484822,4,19,T
1665096591.047408,0,82191,0,GPS1_Frame,42.338263999999995,-71.08651,27.4,328114.8001630078,4689442.781484822,4,19,T
1665096592.0254033,0,82192,0,GPS1_Frame,42.338263999999995,-71.08651,27.4,328114.8001630078,4689442.781484822,4,19,T
1665096593.0495744,0,82193,0,GPS1_Frame,42.338264166666676,-71.08651016666666,27.4,328114.7868866741,4689442.800328799,4,19,T
1665096594.026383,0,82194,0,GPS1_Frame,42.338264166666676,-71.08651,27.4,328114.80061712745,4689442.799991886,4,19,T
1665096595.0485368,0,82195,0,GPS1_Frame,42.338264166666676,-71.08651,27.4,328114.80061712745,4689442.799991886,4,19,T
1665096596.0252025,0,82196,0,GPS1_Frame,42.338263999999995,-71.08651016666666,27.4,328114.7864325545,4689442.781821734,4,19,T
1665096597.049636,0,82197,0,GPS1_Frame,42.338263999999995,-71.08651,27.4,328114.8001630078,4689442.781484822,4,19,T
1665096598.0262408,0,82198,0,GPS1_Frame,42.338263999999995,-71.08651,27.4,328114.8001630078,4689442.781484822,4,19,T
1665096599.0418997,0,82199,0,GPS1_Frame,42.338263999999995,-71.08651016666666,27.4,328114.7864325545,4689442.781821734,4,19,T
1665096600.0200481,0,82200,0,GPS1_Frame,42.338263999999995,-71.08651016666666,27.4,328114.7864325545,4689442.781821734,4,19,T
1665096601.049667,0,82201,0,GPS1_Frame,42.338263999999995,-71.08651,27.4,328114.8001630078,4689442.781484822,4,19,T
1665096602.0232518,0,82202,0,GPS1_Frame,42.338263999999995,-71.08651,27.4,328114.8001630078,4689442.781484822,4,19,T
1665096603.0510902,0,82203,0,GPS1_Frame,42.338263999999995,-71.08651,27.4,328114.8001630078,4689442.781484822,4,19,T
1665096604.024992,0,82204,0,GPS1_Frame,42.338263999999995,-71.08651,27.4,328114.8001630078,4689442.781484822,4,19,T
1665096605.0484607,0,82205,0,GPS1_Frame,42.338263999999995,-71.08651,27.4,328114.8001630078,4689442.781484822,4,19,T
1665096606.0249262,0,82206,0,GPS1_Frame,42.338263999999995,-71.08651,27.4,328114.8001630078,4689442.781484822,4,19,T
1665096607.0482428,0,82207,0,GPS1_Frame,42.338263999999995,-71.08651016666666,27.4,328114.7864325545,4689442.781821734,4,19,T
1665096608.023171,0,82208,0,GPS1_Frame,42.338263999999995,-71.08651,27.4,328114.8001630078,4689442.781484822,4,19,T
1665096609.0461962,0,82209,0,GPS1_Frame,42.338263999999995,-71.08651016666666,27.4,328114.7864325545,4689442.781821734,4,19,T
1665096610.0249567,0,82210,0,GPS1_Frame,42.338263999999995,-71.08651016666666,27.4,328114.7864325545,4689442.781821734,4,19,T
1665096611.0480244,0,82211,0,GPS1_Frame,42.338263999999995,-71.08651,27.4,328114.8001630078,4689442.781484822,4,19,T
1665096612.0253825,0,82212,0,GPS1_Frame,42.338263999999995,-71.08651,27.4,328114.8001630078,4689442.781484822,4,19,T
1665096613.0483167,0,82213,0,GPS1_Frame,42.338263999999995,-71.08651016666666,27.4,328114.7864325545,4689442.781821734,4,19,T
1665096614.0247753,0,82214,0,GPS1_Frame,42.338263999999995,-71.08651,27.4,328114.8001630078,4689442.781484822,4,19,T
1665096615.0476363,0,82215,0,GPS1_Frame,42.338263999999995,-71.08651016666666,27.4,328114.7864325545,4689442.781821734,4,19,T
1665096616.0284512,0,82216,0,GPS1_Frame,42.338263999999995,-71.08651,27.4,328114.8001630078,4689442.781484822,4,19,T
1665096617.0396054,0,82217,0,GPS1_Frame,42.338263999999995,-71.08651,27.4,328114.8001630078,4689442.781484822,4,19,T
1665096618.0229115,0,82218,0,GPS1_Frame,42.338263999999995,-71.08651,27.4,328114.8001630078,4689442.781484822,4,19,T
1665096619.046705,0,82219,0,GPS1_Frame,42.338263999999995,-71.08651,27.4,328114.8001630078,4689442.781484822,4,19,T
1665096620.024931,0,82220,0,GPS1_Frame,42.338263999999995,-71.08651,27.4,328114.8001630078,4689442.781484822,4,19,T
1665096621.0471628,0,82221,0,GPS1_Frame,42.338263999999995,-71.08651,27.4,328114.8001630078,4689442.781484822,4,19,T
1665096622.0245166,0,82222,0,GPS1_Frame,42.338263999999995,-71.08651016666666,27.4,328114.7864325545,4689442.781821734,4,19,T
1665096623.0486042,0,82223,0,GPS1_Frame,42.338263999999995,-71.08651,27.4,328114.8001630078,4689442.781484822,4,19,T
1665096624.0256376,0,82224,0,GPS1_Frame,42.338263999999995,-71.08651016666666,27.4,328114.7864325545,4689442.781821734,4,19,T
1665096625.0449407,0,82225,0,GPS1_Frame,42.338263999999995,-71.08651016666666,27.4,328114.7864325545,4689442.781821734,4,19,T
1665096626.0213192,0,82226,0,GPS1_Frame,42.338263999999995,-71.08651,27.4,328114.8001630078,4689442.781484822,4,19,T
1665096627.0454862,0,82227,0,GPS1_Frame,42.338264166666676,-71.08651,27.4,328114.80061712745,4689442.799991886,4,19,T
1665096628.0246623,0,82228,0,GPS1_Frame,42.338263999999995,-71.08651016666666,27.4,328114.7864325545,4689442.781821734,4,19,T
1665096629.046681,0,82229,0,GPS1_Frame,42.338263999999995,-71.08651016666666,27.4,328114.7864325545,4689442.781821734,4,19,T
1665096630.0249517,0,82230,0,GPS1_Frame,42.338263999999995,-71.08651016666666,27.4,328114.7864325545,4689442.781821734,4,19,T
1665096631.047102,0,82231,0,GPS1_Frame,42.338264166666676,-71.08651016666666,27.4,328114.7868866741,4689442.800328799,4,19,T
1665096632.0230575,0,82232,0,GPS1_Frame,42.338264166666676,-71.08651016666666,27.4,328114.7868866741,4689442.800328799,4,19,T
1665096633.0507736,0,82233,0,GPS1_Frame,42.338263999999995,-71.08651016666666,27.4,328114.7864325545,4689442.781821734,4,19,T
1665096634.0234315,0,82234,0,GPS1_Frame,42.338264166666676,-71.08651,27.4,328114.80061712745,4689442.799991886,4,19,T
1665096635.0449724,0,82235,0,GPS1_Frame,42.338263999999995,-71.08651,27.4,328114.8001630078,4689442.781484822,4,19,T
1665096636.0230196,0,82236,0,GPS1_Frame,42.338263999999995,-71.08651016666666,27.4,328114.7864325545,4689442.781821734,4,19,T
1665096637.0471303,0,82237,0,GPS1_Frame,42.338263999999995,-71.08651016666666,27.4,328114.7864325545,4689442.781821734,4,19,T
1665096638.0253472,0,82238,0,GPS1_Frame,42.338263999999995,-71.08651016666666,27.4,328114.7864325545,4689442.781821734,4,19,T
1665096639.0529861,0,82239,0,GPS1_Frame,42.338263999999995,-71.08651016666666,27.4,328114.7864325545,4689442.781821734,4,19,T
1665096640.025735,0,82240,0,GPS1_Frame,42.338263999999995,-71.08651,27.4,328114.8001630078,4689442.781484822,4,19,T
1665096641.0475845,0,82241,0,GPS1_Frame,42.338263999999995,-71.08651,27.4,328114.8001630078,4689442.781484822,4,19,T
1665096642.0272355,0,82242,0,GPS1_Frame,42.338263999999995,-71.08651,27.4,328114.8001630078,4689442.781484822,4,19,T
1665096643.0492492,0,82243,0,GPS1_Frame,42.338263999999995,-71.08651,27.4,328114.8001630078,4689442.781484822,4,19,T
1665096644.023896,0,82244,0,GPS1_Frame,42.338263999999995,-71.08651,27.4,328114.8001630078,4689442.781484822,4,19,T
1665096645.0457554,0,82245,0,GPS1_Frame,42.338263999999995,-71.08651016666666,27.4,328114.7864325545,4689442.781821734,4,19,T
1665096646.0261428,0,82246,0,GPS1_Frame,42.338263999999995,-71.08651016666666,27.4,328114.7864325545,4689442.781821734,4,19,T
1665096647.0505776,0,82247,0,GPS1_Frame,42.338263999999995,-71.08651,27.4,328114.8001630078,4689442.781484822,4,19,T
1665096648.0255003,0,82248,0,GPS1_Frame,42.338263999999995,-71.08651,27.4,328114.8001630078,4689442.781484822,4,19,T
1665096649.05224,0,82249,0,GPS1_Frame,42.338263999999995,-71.08651016666666,27.4,328114.7864325545,4689442.781821734,4,19,T
1665096650.0248082,0,82250,0,GPS1_Frame,42.338263999999995,-71.08651016666666,27.4,328114.7864325545,4689442.781821734,4,19,T
1665096651.0492172,0,82251,0,GPS1_Frame,42.338263999999995,-71.08651016666666,27.4,328114.7864325545,4689442.781821734,4,19,T
1665096652.0241919,0,82252,0,GPS1_Frame,42.338263999999995,-71.08651,27.4,328114.8001630078,4689442.781484822,4,19,T
1665096653.044006,0,82253,0,GPS1_Frame,42.338263999999995,-71.08651016666666,27.4,328114.7864325545,4689442.781821734,4,19,T
1665096654.0226734,0,82254,0,GPS1_Frame,42.338263999999995,-71.08651016666666,27.4,328114.7864325545,4689442.781821734,4,19,T
1665096655.0455015,0,82255,0,GPS1_Frame,42.338263999999995,-71.08651,27.4,328114.8001630078,4689442.781484822,4,19,T
1665096656.0254369,0,82256,0,GPS1_Frame,42.338263999999995,-71.08651,27.4,328114.8001630078,4689442.781484822,4,19,T
1665096657.0493066,0,82257,0,GPS1_Frame,42.338263999999995,-71.08651,27.4,328114.8001630078,4689442.781484822,4,19,T
1665096658.0242212,0,82258,0,GPS1_Frame,42.338263999999995,-71.08651,27.4,328114.8001630078,4689442.781484822,4,19,T
1665096659.048408,0,82259,0,GPS1_Frame,42.338263999999995,-71.08651,27.4,328114.8001630078,4689442.781484822,4,19,T
1665096660.0216856,0,82260,0,GPS1_Frame,42.338263999999995,-71.08651016666666,27.4,328114.7864325545,4689442.781821734,4,19,T
1665096661.0485759,0,82261,0,GPS1_Frame,42.338263999999995,-71.08651,27.4,328114.8001630078,4689442.781484822,4,19,T
1665096662.022787,0,82262,0,GPS1_Frame,42.338263999999995,-71.08651,27.4,328114.8001630078,4689442.781484822,4,19,T
1665096663.047752,0,82263,0,GPS1_Frame,42.338263999999995,-71.08651,27.4,328114.8001630078,4689442.781484822,4,19,T
1665096664.0256317,0,82264,0,GPS1_Frame,42.338263999999995,-71.08651,27.4,328114.8001630078,4689442.781484822,4,19,T
1665096665.0466394,0,82265,0,GPS1_Frame,42.338263999999995,-71.08651016666666,27.4,328114.7864325545,4689442.781821734,4,19,T
1665096666.0245361,0,82266,0,GPS1_Frame,42.338263999999995,-71.08651016666666,27.4,328114.7864325545,4689442.781821734,4,19,T
1665096667.0472372,0,82267,0,GPS1_Frame,42.338263999999995,-71.08651016666666,27.4,328114.7864325545,4689442.781821734,4,19,T
1665096668.0259817,0,82268,0,GPS1_Frame,42.338263999999995,-71.08651,27.4,328114.8001630078,4689442.781484822,4,19,T
1665096669.049008,0,82269,0,GPS1_Frame,42.338263999999995,-71.08651,27.4,328114.8001630078,4689442.781484822,4,19,T
1665096670.0229542,0,82270,0,GPS1_Frame,42.338263999999995,-71.08651016666666,27.4,328114.7864325545,4689442.781821734,4,19,T
1665096671.045077,0,82271,0,GPS1_Frame,42.338263999999995,-71.08651016666666,27.4,328114.7864325545,4689442.781821734,4,19,T
1665096672.021405,0,82272,0,GPS1_Frame,42.338263999999995,-71.08651016666666,27.4,328114.7864325545,4689442.781821734,4,19,T
1665096673.0462687,0,82273,0,GPS1_Frame,42.338263999999995,-71.08651016666666,27.4,328114.7864325545,4689442.781821734,4,19,T
1665096674.023411,0,82274,0,GPS1_Frame,42.338263999999995,-71.08651016666666,27.4,328114.7864325545,4689442.781821734,4,19,T
1665096675.04624,0,82275,0,GPS1_Frame,42.338263999999995,-71.08651016666666,27.4,328114.7864325545,4689442.781821734,4,19,T
1665096676.02387,0,82276,0,GPS1_Frame,42.338263999999995,-71.08651016666666,27.4,328114.7864325545,4689442.781821734,4,19,T
1665096677.045655,0,82277,0,GPS1_Frame,42.338263999999995,-71.08651016666666,27.4,328114.7864325545,4689442.781821734,4,19,T
1665096678.0223498,0,82278,0,GPS1_Frame,42.338263999999995,-71.08651,27.4,328114.8001630078,4689442.781484822,4,19,T
1665096679.045165,0,82279,0,GPS1_Frame,42.338264166666676,-71.08651016666666,27.4,328114.7868866741,4689442.800328799,4,19,T
1665096680.022161,0,82280,0,GPS1_Frame,42.338263999999995,-71.08651016666666,27.4,328114.7864325545,4689442.781821734,4,19,T
1665096681.0447483,0,82281,0,GPS1_Frame,42.338263999999995,-71.08651016666666,27.4,328114.7864325545,4689442.781821734,4,19,T
1665096682.0225966,0,82282,0,GPS1_Frame,42.338263999999995,-71.08651016666666,27.4,328114.7864325545,4689442.781821734,4,19,T
1665096683.0444467,0,82283,0,GPS1_Frame,42.338263999999995,-71.08651016666666,27.4,328114.7864325545,4689442.781821734,4,19,T
1665096684.022219,0,82284,0,GPS1_Frame,42.338263999999995,-71.08651016666666,27.4,328114.7864325545,4689442.781821734,4,19,T
1665096685.0437799,0,82285,0,GPS1_Frame,42.338263999999995,-71.08651016666666,27.4,328114.7864325545,4689442.781821734,4,19,T
1665096686.020775,0,82286,0,GPS1_Frame,42.338263999999995,-71.08651016666666,27.4,328114.7864325545,4689442.781821734,4,19,T
1665096687.0443873,0,82287,0,GPS1_Frame,42.338263999999995,-71.08651016666666,27.4,328114.7864325545,4689442.781821734,4,19,T
1665096688.0199256,0,82288,0,GPS1_Frame,42.338263999999995,-71.08651016666666,27.4,328114.7864325545,4689442.781821734,4,19,T
1665096689.0391793,0,82289,0,GPS1_Frame,42.338263999999995,-71.08651016666666,27.4,328114.7864325545,4689442.781821734,4,19,T
1665096690.0215564,0,82290,0,GPS1_Frame,42.338263999999995,-71.08651016666666,27.4,328114.7864325545,4689442.781821734,4,19,T
1665096691.0466886,0,82291,0,GPS1_Frame,42.338263999999995,-71.08651016666666,27.4,328114.7864325545,4689442.781821734,4,19,T
1665096692.023855,0,82292,0,GPS1_Frame,42.338263999999995,-71.08651016666666,27.4,328114.7864325545,4689442.781821734,4,19,T
1665096693.0442717,0,82293,0,GPS1_Frame,42.338263999999995,-71.08651016666666,27.4,328114.7864325545,4689442.781821734,4,19,T
1665096694.0228944,0,82294,0,GPS1_Frame,42.338263999999995,-71.08651016666666,27.4,328114.7864325545,4689442.781821734,4,19,T
1665096695.0471654,0,82295,0,GPS1_Frame,42.338263999999995,-71.08651016666666,27.4,328114.7864325545,4689442.781821734,4,19,T
1665096696.0245972,0,82296,0,GPS1_Frame,42.338263999999995,-71.08651016666666,27.4,328114.7864325545,4689442.781821734,4,19,T
1665096697.045767,0,82297,0,GPS1_Frame,42.338263999999995,-71.08651016666666,27.4,328114.7864325545,4689442.781821734,4,19,T
1665096698.0203688,0,82298,0,GPS1_Frame,42.338263999999995,-71.08651016666666,27.4,328114.7864325545,4689442.781821734,4,19,T
1665096699.044614,0,82299,0,GPS1_Frame,42.338263999999995,-71.08651016666666,27.4,328114.7864325545,4689442.781821734,4,19,T
1665096700.020278,0,82300,0,GPS1_Frame,42.338263999999995,-71.08651016666666,27.4,328114.7864325545,4689442.781821734,4,19,T
1665096701.0456145,0,82301,0,GPS1_Frame,42.338263999999995,-71.08651016666666,27.4,328114.7864325545,4689442.781821734,4,19,T
1665096702.0215757,0,82302,0,GPS1_Frame,42.338263999999995,-71.08651016666666,27.4,328114.7864325545,4689442.781821734,4,19,T
1665096703.0463293,0,82303,0,GPS1_Frame,42.338263999999995,-71.08651016666666,27.4,328114.7864325545,4689442.781821734,4,19,T
1665096704.0222201,0,82304,0,GPS1_Frame,42.338263999999995,-71.08651016666666,27.4,328114.7864325545,4689442.781821734,4,19,T
1665096705.046451,0,82305,0,GPS1_Frame,42.338263999999995,-71.08651016666666,27.4,328114.7864325545,4689442.781821734,4,19,T
1665096706.0222054,0,82306,0,GPS1_Frame,42.338263999999995,-71.08651016666666,27.4,328114.7864325545,4689442.781821734,4,19,T
1665096707.042246,0,82307,0,GPS1_Frame,42.338263999999995,-71.08651016666666,27.4,328114.7864325545,4689442.781821734,4,19,T
1665096708.0220242,0,82308,0,GPS1_Frame,42.338263999999995,-71.08651016666666,27.4,328114.7864325545,4689442.781821734,4,19,T
1665096709.0452693,0,82309,0,GPS1_Frame,42.338263999999995,-71.08651016666666,27.4,328114.7864325545,4689442.781821734,4,19,T
1665096710.021069,0,82310,0,GPS1_Frame,42.338263999999995,-71.08651016666666,27.4,328114.7864325545,4689442.781821734,4,19,T
1665096711.0486388,0,82311,0,GPS1_Frame,42.338263999999995,-71.08651016666666,27.4,328114.7864325545,4689442.781821734,4,19,T
1665096712.021669,0,82312,0,GPS1_Frame,42.338263999999995,-71.08651016666666,27.4,328114.7864325545,4689442.781821734,4,19,T
1665096713.0436773,0,82313,0,GPS1_Frame,42.338263999999995,-71.08651016666666,27.4,328114.7864325545,4689442.781821734,4,19,T
1665096714.0232747,0,82314,0,GPS1_Frame,42.338263999999995,-71.08651016666666,27.4,328114.7864325545,4689442.781821734,4,19,T
1665096715.0455716,0,82315,0,GPS1_Frame,42.338263999999995,-71.08651016666666,27.4,328114.7864325545,4689442.781821734,4,19,T
1665096716.0203269,0,82316,0,GPS1_Frame,42.338263999999995,-71.08651016666666,27.4,328114.7864325545,4689442.781821734,4,19,T
1665096717.0423949,0,82317,0,GPS1_Frame,42.338263999999995,-71.08651016666666,27.4,328114.7864325545,4689442.781821734,4,19,T
1665096718.0211008,0,82318,0,GPS1_Frame,42.338263999999995,-71.08651016666666,27.4,328114.7864325545,4689442.781821734,4,19,T
1665096719.0465052,0,82319,0,GPS1_Frame,42.338263999999995,-71.08651016666666,27.4,328114.7864325545,4689442.781821734,4,19,T
1665096720.019428,0,82320,0,GPS1_Frame,42.338263999999995,-71.08651016666666,27.4,328114.7864325545,4689442.781821734,4,19,T
1665096721.0417655,0,82321,0,GPS1_Frame,42.338263999999995,-71.08651016666666,27.4,328114.7864325545,4689442.781821734,4,19,T
1665096722.0185988,0,82322,0,GPS1_Frame,42.338263999999995,-71.08651016666666,27.4,328114.7864325545,4689442.781821734,4,19,T
1665096723.0466006,0,82323,0,GPS1_Frame,42.338263999999995,-71.08651016666666,27.4,328114.7864325545,4689442.781821734,4,19,T
1665096724.0224397,0,82324,0,GPS1_Frame,42.338263999999995,-71.08651,27.4,328114.8001630078,4689442.781484822,4,19,T
1665096725.0435786,0,82325,0,GPS1_Frame,42.338263999999995,-71.08651016666666,27.4,328114.7864325545,4689442.781821734,4,19,T
1665096726.0213482,0,82326,0,GPS1_Frame,42.338263999999995,-71.08651016666666,27.4,328114.7864325545,4689442.781821734,4,19,T
1665096727.0401838,0,82327,0,GPS1_Frame,42.338263999999995,-71.08651016666666,27.4,328114.7864325545,4689442.781821734,4,19,T
1665096728.0230777,0,82328,0,GPS1_Frame,42.338263999999995,-71.08651016666666,27.4,328114.7864325545,4689442.781821734,4,19,T
1665096729.0487952,0,82329,0,GPS1_Frame,42.338263999999995,-71.08651016666666,27.4,328114.7864325545,4689442.781821734,4,19,T
1665096730.02214,0,82330,0,GPS1_Frame,42.338263999999995,-71.08651,27.4,328114.8001630078,4689442.781484822,4,19,T
1665096731.045087,0,82331,0,GPS1_Frame,42.338263999999995,-71.08651016666666,27.4,328114.7864325545,4689442.781821734,4,19,T
1665096732.0196073,0,82332,0,GPS1_Frame,42.338263999999995,-71.08651016666666,27.4,328114.7864325545,4689442.781821734,4,19,T
1665096733.0389886,0,82333,0,GPS1_Frame,42.338263999999995,-71.08651016666666,27.4,328114.7864325545,4689442.781821734,4,19,T
1665096734.0188396,0,82334,0,GPS1_Frame,42.338263999999995,-71.08651016666666,27.4,328114.7864325545,4689442.781821734,4,19,T
1665096735.0452812,0,82335,0,GPS1_Frame,42.338263999999995,-71.08651,27.4,328114.8001630078,4689442.781484822,4,19,T
1665096736.0205514,0,82336,0,GPS1_Frame,42.338263999999995,-71.08651016666666,27.4,328114.7864325545,4689442.781821734,4,19,T
1665096737.045718,0,82337,0,GPS1_Frame,42.338263999999995,-71.08651016666666,27.4,328114.7864325545,4689442.781821734,4,19,T
1665096738.023332,0,82338,0,GPS1_Frame,42.338263999999995,-71.08651,27.4,328114.8001630078,4689442.781484822,4,19,T
1665096739.049151,0,82339,0,GPS1_Frame,42.338263999999995,-71.08651,27.4,328114.8001630078,4689442.781484822,4,19,T
1665096740.0219913,0,82340,0,GPS1_Frame,42.338263999999995,-71.08651016666666,27.4,328114.7864325545,4689442.781821734,4,19,T
1665096741.0463748,0,82341,0,GPS1_Frame,42.338263999999995,-71.08651,27.4,328114.8001630078,4689442.781484822,4,19,T
1665096742.0222676,0,82342,0,GPS1_Frame,42.338263999999995,-71.08651,27.4,328114.8001630078,4689442.781484822,4,19,T
1665096743.043391,0,82343,0,GPS1_Frame,42.338263999999995,-71.08651016666666,27.4,328114.7864325545,4689442.781821734,4,19,T
1665096744.0218072,0,82344,0,GPS1_Frame,42.338263999999995,-71.08651016666666,27.4,328114.7864325545,4689442.781821734,4,19,T
1665096745.0450118,0,82345,0,GPS1_Frame,42.338263999999995,-71.08651016666666,27.4,328114.7864325545,4689442.781821734,4,19,T
1665096746.0217328,0,82346,0,GPS1_Frame,42.338263999999995,-71.08651016666666,27.4,328114.7864325545,4689442.781821734,4,19,T
1665096747.0479977,0,82347,0,GPS1_Frame,42.338263999999995,-71.08651,27.4,328114.8001630078,4689442.781484822,4,19,T
1665096748.022934,0,82348,0,GPS1_Frame,42.338263999999995,-71.08651016666666,27.4,328114.7864325545,4689442.781821734,4,19,T
1665096749.0433762,0,82349,0,GPS1_Frame,42.338263999999995,-71.08651016666666,27.4,328114.7864325545,4689442.781821734,4,19,T
1665096750.0205817,0,82350,0,GPS1_Frame,42.338263999999995,-71.08651016666666,27.4,328114.7864325545,4689442.781821734,4,19,T
1665096751.0442538,0,82351,0,GPS1_Frame,42.338263999999995,-71.08651016666666,27.4,328114.7864325545,4689442.781821734,4,19,T
1665096752.018379,0,82352,0,GPS1_Frame,42.338263999999995,-71.08651016666666,27.4,328114.7864325545,4689442.781821734,4,19,T
1665096753.042872,0,82353,0,GPS1_Frame,42.338263999999995,-71.08651,27.4,328114.8001630078,4689442.781484822,4,19,T
1665096754.021789,0,82354,0,GPS1_Frame,42.338263999999995,-71.08651,27.4,328114.8001630078,4689442.781484822,4,19,T
1665096755.036646,0,82355,0,GPS1_Frame,42.338263999999995,-71.08651,27.4,328114.8001630078,4689442.781484822,4,19,T
1665096756.0214262,0,82356,0,GPS1_Frame,42.338263999999995,-71.08651,27.4,328114.8001630078,4689442.781484822,4,19,T
1665096757.0457652,0,82357,0,GPS1_Frame,42.338263999999995,-71.08651,27.4,328114.8001630078,4689442.781484822,4,19,T
1665096758.0215466,0,82358,0,GPS1_Frame,42.338263999999995,-71.08651016666666,27.4,328114.7864325545,4689442.781821734,4,19,T
1665096759.046997,0,82359,0,GPS1_Frame,42.338263999999995,-71.08651,27.4,328114.8001630078,4689442.781484822,4,19,T
1665096760.022608,0,82360,0,GPS1_Frame,42.338263999999995,-71.08651,27.4,328114.8001630078,4689442.781484822,4,19,T
1665096761.0326233,0,82361,0,GPS1_Frame,42.338263999999995,-71.08651,27.4,328114.8001630078,4689442.781484822,4,19,T
1665096762.0193882,0,82362,0,GPS1_Frame,42.338263999999995,-71.08651016666666,27.4,328114.7864325545,4689442.781821734,4,19,T
1665096763.0459497,0,82363,0,GPS1_Frame,42.338263999999995,-71.08651,27.4,328114.8001630078,4689442.781484822,4,19,T
1665096764.0221903,0,82364,0,GPS1_Frame,42.338263999999995,-71.08651,27.4,328114.8001630078,4689442.781484822,4,19,T
1665096765.0402107,0,82365,0,GPS1_Frame,42.338263999999995,-71.08651,27.4,328114.8001630078,4689442.781484822,4,19,T
1665096766.0205314,0,82366,0,GPS1_Frame,42.338263999999995,-71.08651,27.4,328114.8001630078,4689442.781484822,4,19,T
1665096767.0435681,0,82367,0,GPS1_Frame,42.338263999999995,-71.08651,27.4,328114.8001630078,4689442.781484822,4,19,T
1665096768.0206485,0,82368,0,GPS1_Frame,42.338263999999995,-71.08651,27.4,328114.8001630078,4689442.781484822,4,19,T
1665096769.0443573,0,82369,0,GPS1_Frame,42.338263999999995,-71.08651,27.4,328114.8001630078,4689442.781484822,4,19,T
1665096770.0193512,0,82370,0,GPS1_Frame,42.338264166666676,-71.08651,27.4,328114.80061712745,4689442.799991886,4,19,T
1665096771.0433717,0,82371,0,GPS1_Frame,42.338263999999995,-71.08651,27.4,328114.8001630078,4689442.781484822,4,19,T
1665096772.0209303,0,82372,0,GPS1_Frame,42.338263999999995,-71.08651,27.4,328114.8001630078,4689442.781484822,4,19,T
1665096773.0470622,0,82373,0,GPS1_Frame,42.338263999999995,-71.08651,27.4,328114.8001630078,4689442.781484822,4,19,T
1665096774.02556,0,82374,0,GPS1_Frame,42.338263999999995,-71.08651,27.4,328114.8001630078,4689442.781484822,4,19,T
1665096775.0407836,0,82375,0,GPS1_Frame,42.338264166666676,-71.08651,27.4,328114.80061712745,4689442.799991886,4,19,T
1665096776.0203052,0,82376,0,GPS1_Frame,42.338263999999995,-71.08651016666666,27.4,328114.7864325545,4689442.781821734,4,19,T
1665096777.041275,0,82377,0,GPS1_Frame,42.338263999999995,-71.08651016666666,27.4,328114.7864325545,4689442.781821734,4,19,T
1665096778.0197048,0,82378,0,GPS1_Frame,42.338263999999995,-71.08651,27.4,328114.8001630078,4689442.781484822,4,19,T
1665096779.0415037,0,82379,0,GPS1_Frame,42.338263999999995,-71.08651,27.4,328114.8001630078,4689442.781484822,4,19,T
1665096780.015131,0,82380,0,GPS1_Frame,42.338263999999995,-71.08651,27.4,328114.8001630078,4689442.781484822,4,19,T
1665096781.0450256,0,82381,0,GPS1_Frame,42.338263999999995,-71.08651,27.4,328114.8001630078,4689442.781484822,4,19,T
1665096782.0207558,0,82382,0,GPS1_Frame,42.338263999999995,-71.08651,27.4,328114.8001630078,4689442.781484822,4,19,T
1665096783.0446343,0,82383,0,GPS1_Frame,42.338263999999995,-71.08651,27.4,328114.8001630078,4689442.781484822,4,19,T
1665096784.0188787,0,82384,0,GPS1_Frame,42.338263999999995,-71.08651,27.4,328114.8001630078,4689442.781484822,4,19,T
1665096785.045231,0,82385,0,GPS1_Frame,42.338263999999995,-71.08651016666666,27.4,328114.7864325545,4689442.781821734,4,19,T
1665096786.0207412,0,82386,0,GPS1_Frame,42.338263999999995,-71.08651016666666,27.4,328114.7864325545,4689442.781821734,4,19,T
1665096787.0465553,0,82387,0,GPS1_Frame,42.338263999999995,-71.08651,27.4,328114.8001630078,4689442.781484822,4,19,T
1665096788.0188177,0,82388,0,GPS1_Frame,42.338263999999995,-71.08651,27.4,328114.8001630078,4689442.781484822,4,19,T
1665096789.041394,0,82389,0,GPS1_Frame,42.338263999999995,-71.08651016666666,27.4,328114.7864325545,4689442.781821734,4,19,T
1665096790.0203326,0,82390,0,GPS1_Frame,42.338263999999995,-71.08651016666666,27.4,328114.7864325545,4689442.781821734,4,19,T
1665096791.0435474,0,82391,0,GPS1_Frame,42.338263999999995,-71.08651016666666,27.4,328114.7864325545,4689442.781821734,4,19,T
1665096792.0200467,0,82392,0,GPS1_Frame,42.338263999999995,-71.08651016666666,27.4,328114.7864325545,4689442.781821734,4,19,T
1665096793.043427,0,82393,0,GPS1_Frame,42.338263999999995,-71.08651,27.4,328114.8001630078,4689442.781484822,4,19,T
1665096794.0192578,0,82394,0,GPS1_Frame,42.338263999999995,-71.08651,27.4,328114.8001630078,4689442.781484822,4,19,T
1665096795.0447764,0,82395,0,GPS1_Frame,42.338263999999995,-71.08651016666666,27.4,328114.7864325545,4689442.781821734,4,19,T
1665096796.019816,0,82396,0,GPS1_Frame,42.338263999999995,-71.08651016666666,27.4,328114.7864325545,4689442.781821734,4,19,T
1665096797.042087,0,82397,0,GPS1_Frame,42.338263833333336,-71.08651033333334,27.4,328114.7722479814,4689442.763651584,4,19,T
1665096798.0152647,0,82398,0,GPS1_Frame,42.338263999999995,-71.08651016666666,27.4,328114.7864325545,4689442.781821734,4,19,T
1665096799.0425003,0,82399,0,GPS1_Frame,42.338264166666676,-71.08651016666666,27.4,328114.7868866741,4689442.800328799,4,19,T
1665096800.0198054,0,82400,0,GPS1_Frame,42.338263999999995,-71.08651016666666,27.4,328114.7864325545,4689442.781821734,4,19,T
1665096801.0436785,0,82401,0,GPS1_Frame,42.338263999999995,-71.08651016666666,27.4,328114.7864325545,4689442.781821734,4,19,T
1665096802.0168796,0,82402,0,GPS1_Frame,42.338263999999995,-71.08651016666666,27.4,328114.7864325545,4689442.781821734,4,19,T
1665096803.0456302,0,82403,0,GPS1_Frame,42.338263999999995,-71.08651016666666,27.4,328114.7864325545,4689442.781821734,4,19,T
1665096804.0196807,0,82404,0,GPS1_Frame,42.338263999999995,-71.08651016666666,27.4,328114.7864325545,4689442.781821734,4,19,T
1665096805.0429966,0,82405,0,GPS1_Frame,42.338263999999995,-71.08651016666666,27.4,328114.7864325545,4689442.781821734,4,19,T
1665096806.018399,0,82406,0,GPS1_Frame,42.338263999999995,-71.08651016666666,27.4,328114.7864325545,4689442.781821734,4,19,T
1665096807.042571,0,82407,0,GPS1_Frame,42.338263999999995,-71.08651016666666,27.4,328114.7864325545,4689442.781821734,4,19,T
1665096808.0196528,0,82408,0,GPS1_Frame,42.338263999999995,-71.08651016666666,27.4,328114.7864325545,4689442.781821734,4,19,T
1665096809.0350366,0,82409,0,GPS1_Frame,42.338263999999995,-71.08651016666666,27.4,328114.7864325545,4689442.781821734,4,19,T
1665096810.0190072,0,82410,0,GPS1_Frame,42.338264166666676,-71.08651,27.4,328114.80061712745,4689442.799991886,4,19,T
1665096811.0425756,0,82411,0,GPS1_Frame,42.338264166666676,-71.08651,27.4,328114.80061712745,4689442.799991886,4,19,T
1665096812.0194638,0,82412,0,GPS1_Frame,42.338263999999995,-71.08651,27.4,328114.8001630078,4689442.781484822,4,19,T
1665096813.0442674,0,82413,0,GPS1_Frame,42.338264166666676,-71.08651,27.4,328114.80061712745,4689442.799991886,4,19,T
1665096814.020766,0,82414,0,GPS1_Frame,42.338263999999995,-71.08651016666666,27.4,328114.7864325545,4689442.781821734,4,19,T
1665096815.038191,0,82415,0,GPS1_Frame,42.338263999999995,-71.08651016666666,27.4,328114.7864325545,4689442.781821734,4,19,T
1665096816.0189707,0,82416,0,GPS1_Frame,42.338263999999995,-71.08651,27.4,328114.8001630078,4689442.781484822,4,19,T
1665096817.044453,0,82417,0,GPS1_Frame,42.338263999999995,-71.08651016666666,27.4,328114.7864325545,4689442.781821734,4,19,T
1665096818.0201213,0,82418,0,GPS1_Frame,42.338263999999995,-71.08651016666666,27.4,328114.7864325545,4689442.781821734,4,19,T
1665096819.0443742,0,82419,0,GPS1_Frame,42.338263999999995,-71.08651016666666,27.4,328114.7864325545,4689442.781821734,4,19,T
1665096820.0188699,0,82420,0,GPS1_Frame,42.338263999999995,-71.08651016666666,27.4,328114.7864325545,4689442.781821734,4,19,T
1665096821.0436196,0,82421,0,GPS1_Frame,42.338263999999995,-71.08651,27.4,328114.8001630078,4689442.781484822,4,19,T
1665096822.0192256,0,82422,0,GPS1_Frame,42.338263999999995,-71.08651,27.4,328114.8001630078,4689442.781484822,4,19,T
1665096823.045135,0,82423,0,GPS1_Frame,42.338263999999995,-71.08651,27.4,328114.8001630078,4689442.781484822,4,19,T
1665096824.0185237,0,82424,0,GPS1_Frame,42.338263999999995,-71.08651,27.4,328114.8001630078,4689442.781484822,4,19,T
1665096825.0445254,0,82425,0,GPS1_Frame,42.338264166666676,-71.08651,27.4,328114.80061712745,4689442.799991886,4,19,T
1665096826.020306,0,82426,0,GPS1_Frame,42.338263999999995,-71.08651,27.4,328114.8001630078,4689442.781484822,4,19,T
1665096827.0424607,0,82427,0,GPS1_Frame,42.338263999999995,-71.08651,27.4,328114.8001630078,4689442.781484822,4,19,T
1665096828.020101,0,82428,0,GPS1_Frame,42.338263999999995,-71.08651,27.4,328114.8001630078,4689442.781484822,4,19,T
1665096829.0439818,0,82429,0,GPS1_Frame,42.338263999999995,-71.08651,27.4,328114.8001630078,4689442.781484822,4,19,T
1665096830.0187955,0,82430,0,GPS1_Frame,42.338263999999995,-71.08651,27.4,328114.8001630078,4689442.781484822,4,19,T
1665096831.0375185,0,82431,0,GPS1_Frame,42.338263999999995,-71.08651016666666,27.4,328114.7864325545,4689442.781821734,4,19,T
1665096832.0191534,0,82432,0,GPS1_Frame,42.338263999999995,-71.08651016666666,27.4,328114.7864325545,4689442.781821734,4,19,T
1665096833.0392623,0,82433,0,GPS1_Frame,42.338263999999995,-71.08651,27.4,328114.8001630078,4689442.781484822,4,19,T
1665096834.016277,0,82434,0,GPS1_Frame,42.338263999999995,-71.08651,27.4,328114.8001630078,4689442.781484822,4,19,T
1665096835.0441866,0,82435,0,GPS1_Frame,42.338263999999995,-71.08651016666666,27.4,328114.7864325545,4689442.781821734,4,19,T
1665096836.0197668,0,82436,0,GPS1_Frame,42.338263999999995,-71.08651016666666,27.4,328114.7864325545,4689442.781821734,4,19,T
1665096837.0434248,0,82437,0,GPS1_Frame,42.338263999999995,-71.08651016666666,27.4,328114.7864325545,4689442.781821734,4,19,T
1665096838.0176318,0,82438,0,GPS1_Frame,42.338263999999995,-71.08651,27.4,328114.8001630078,4689442.781484822,4,19,T
1665096839.0418243,0,82439,0,GPS1_Frame,42.338263999999995,-71.08651016666666,27.4,328114.7864325545,4689442.781821734,4,19,T
1665096840.0159853,0,82440,0,GPS1_Frame,42.338263999999995,-71.08651016666666,27.4,328114.7864325545,4689442.781821734,4,19,T
1665096841.0434766,0,82441,0,GPS1_Frame,42.338263999999995,-71.08651016666666,27.4,328114.7864325545,4689442.781821734,4,19,T
1665096842.0175252,0,82442,0,GPS1_Frame,42.338263999999995,-71.08651016666666,27.4,328114.7864325545,4689442.781821734,4,19,T
1665096843.041901,0,82443,0,GPS1_Frame,42.338263999999995,-71.08651016666666,27.4,328114.7864325545,4689442.781821734,4,19,T
1665096844.0184715,0,82444,0,GPS1_Frame,42.338263999999995,-71.08651,27.4,328114.8001630078,4689442.781484822,4,19,T
1665096845.0419037,0,82445,0,GPS1_Frame,42.338263999999995,-71.08651,27.4,328114.8001630078,4689442.781484822,4,19,T
1665096846.019887,0,82446,0,GPS1_Frame,42.338263999999995,-71.08651016666666,27.4,328114.7864325545,4689442.781821734,4,19,T
1665096847.0428343,0,82447,0,GPS1_Frame,42.338263999999995,-71.08651,27.4,328114.8001630078,4689442.781484822,4,19,T
1665096848.0184007,0,82448,0,GPS1_Frame,42.338263999999995,-71.08651,27.4,328114.8001630078,4689442.781484822,4,19,T
1665096849.04404,0,82449,0,GPS1_Frame,42.338263999999995,-71.08651,27.4,328114.8001630078,4689442.781484822,4,19,T
1665096850.0174375,0,82450,0,GPS1_Frame,42.338263999999995,-71.08651,27.4,328114.8001630078,4689442.781484822,4,19,T
1665096851.0392804,0,82451,0,GPS1_Frame,42.338263999999995,-71.08651,27.4,328114.8001630078,4689442.781484822,4,19,T
1665096852.0162292,0,82452,0,GPS1_Frame,42.338263999999995,-71.08651,27.4,328114.8001630078,4689442.781484822,4,19,T
1665096853.0415208,0,82453,0,GPS1_Frame,42.338263999999995,-71.08651,27.4,328114.8001630078,4689442.781484822,4,19,T
1665096854.0180166,0,82454,0,GPS1_Frame,42.338263999999995,-71.08651,27.4,328114.8001630078,4689442.781484822,4,19,T
1665096855.045153,0,82455,0,GPS1_Frame,42.338263999999995,-71.08651016666666,27.4,328114.7864325545,4689442.781821734,4,19,T
1665096856.017031,0,82456,0,GPS1_Frame,42.338263999999995,-71.08651016666666,27.4,328114.7864325545,4689442.781821734,4,19,T
1665096857.0427833,0,82457,0,GPS1_Frame,42.338263999999995,-71.08651,27.4,328114.8001630078,4689442.781484822,4,19,T
1665096858.0169632,0,82458,0,GPS1_Frame,42.338263999999995,-71.08651,27.4,328114.8001630078,4689442.781484822,4,19,T
1665096859.0431442,0,82459,0,GPS1_Frame,42.338263999999995,-71.08651,27.4,328114.8001630078,4689442.781484822,4,19,T
1665096860.0165389,0,82460,0,GPS1_Frame,42.338263999999995,-71.08651,27.4,328114.8001630078,4689442.781484822,4,19,T
1665096861.0420997,0,82461,0,GPS1_Frame,42.338263999999995,-71.08651016666666,27.4,328114.7864325545,4689442.781821734,4,19,T
1665096862.0177195,0,82462,0,GPS1_Frame,42.338263999999995,-71.08651,27.4,328114.8001630078,4689442.781484822,4,19,T
1665096863.0423698,0,82463,0,GPS1_Frame,42.338263999999995,-71.08651,27.4,328114.8001630078,4689442.781484822,4,19,T
1665096864.0184844,0,82464,0,GPS1_Frame,42.338263999999995,-71.08651,27.4,328114.8001630078,4689442.781484822,4,19,T
1665096865.0421188,0,82465,0,GPS1_Frame,42.338263999999995,-71.08651,27.4,328114.8001630078,4689442.781484822,4,19,T
1665096866.0207376,0,82466,0,GPS1_Frame,42.338263999999995,-71.08651,27.4,328114.8001630078,4689442.781484822,4,19,T
1665096867.0449803,0,82467,0,GPS1_Frame,42.338263999999995,-71.08651,27.4,328114.8001630078,4689442.781484822,4,19,T
1665096868.0179553,0,82468,0,GPS1_Frame,42.338263999999995,-71.08651,27.4,328114.8001630078,4689442.781484822,4,19,T
1665096869.040843,0,82469,0,GPS1_Frame,42.338263999999995,-71.08651016666666,27.4,328114.7864325545,4689442.781821734,4,19,T
1665096870.0141892,0,82470,0,GPS1_Frame,42.338263999999995,-71.08651,27.4,328114.8001630078,4689442.781484822,4,19,T
1665096871.042466,0,82471,0,GPS1_Frame,42.338263999999995,-71.08651,27.4,328114.8001630078,4689442.781484822,4,19,T
1665096872.018042,0,82472,0,GPS1_Frame,42.338263999999995,-71.08651016666666,27.4,328114.7864325545,4689442.781821734,4,19,T
1665096873.0428267,0,82473,0,GPS1_Frame,42.338263999999995,-71.08651016666666,27.4,328114.7864325545,4689442.781821734,4,19,T
1665096874.0175598,0,82474,0,GPS1_Frame,42.338263999999995,-71.08651,27.4,328114.8001630078,4689442.781484822,4,19,T
1665096875.044642,0,82475,0,GPS1_Frame,42.338263999999995,-71.08651,27.4,328114.8001630078,4689442.781484822,4,19,T
1665096876.0181715,0,82476,0,GPS1_Frame,42.338263999999995,-71.08651,27.4,328114.8001630078,4689442.781484822,4,19,T
1665096877.0427616,0,82477,0,GPS1_Frame,42.338263999999995,-71.08651,27.4,328114.8001630078,4689442.781484822,4,19,T
1665096878.0163417,0,82478,0,GPS1_Frame,42.338263999999995,-71.08651,27.4,328114.8001630078,4689442.781484822,4,19,T
1665096879.0411334,0,82479,0,GPS1_Frame,42.338263999999995,-71.08651,27.4,328114.8001630078,4689442.781484822,4,19,T
1665096880.0175662,0,82480,0,GPS1_Frame,42.338263999999995,-71.08651,27.4,328114.8001630078,4689442.781484822,4,19,T
1665096881.0419095,0,82481,0,GPS1_Frame,42.338263999999995,-71.08651,27.4,328114.8001630078,4689442.781484822,4,19,T
1665096882.0182388,0,82482,0,GPS1_Frame,42.338263999999995,-71.08651,27.4,328114.8001630078,4689442.781484822,4,19,T
1665096883.0417087,0,82483,0,GPS1_Frame,42.338263999999995,-71.08651,27.4,328114.8001630078,4689442.781484822,4,19,T
1665096884.0179443,0,82484,0,GPS1_Frame,42.338263999999995,-71.08651,27.4,328114.8001630078,4689442.781484822,4,19,T
1665096885.042366,0,82485,0,GPS1_Frame,42.338263999999995,-71.08651,27.4,328114.8001630078,4689442.781484822,4,19,T
1665096886.0163505,0,82486,0,GPS1_Frame,42.338263999999995,-71.08651,27.4,328114.8001630078,4689442.781484822,4,19,T
1665096887.0394433,0,82487,0,GPS1_Frame,42.338263999999995,-71.08651016666666,27.4,328114.7864325545,4689442.781821734,4,19,T
1665096888.0149646,0,82488,0,GPS1_Frame,42.338263999999995,-71.08651,27.4,328114.8001630078,4689442.781484822,4,19,T
1665096889.0428948,0,82489,0,GPS1_Frame,42.338263999999995,-71.08651016666666,27.4,328114.7864325545,4689442.781821734,4,19,T
1665096890.0171633,0,82490,0,GPS1_Frame,42.338263999999995,-71.08651016666666,27.4,328114.7864325545,4689442.781821734,4,19,T
1665096891.043652,0,82491,0,GPS1_Frame,42.338263999999995,-71.08651,27.4,328114.8001630078,4689442.781484822,4,19,T
1665096892.0166714,0,82492,0,GPS1_Frame,42.338263999999995,-71.08651,27.4,328114.8001630078,4689442.781484822,4,19,T
1665096893.0417883,0,82493,0,GPS1_Frame,42.338263999999995,-71.08651,27.4,328114.8001630078,4689442.781484822,4,19,T
1665096894.0175123,0,82494,0,GPS1_Frame,42.338263999999995,-71.08651,27.4,328114.8001630078,4689442.781484822,4,19,T
1665096895.041337,0,82495,0,GPS1_Frame,42.338263999999995,-71.08651,27.4,328114.8001630078,4689442.781484822,4,19,T
1665096896.017029,0,82496,0,GPS1_Frame,42.338263999999995,-71.08651016666666,27.4,328114.7864325545,4689442.781821734,4,19,T
1665096897.0393958,0,82497,0,GPS1_Frame,42.338263999999995,-71.08651,27.4,328114.8001630078,4689442.781484822,4,19,T
1665096898.0173695,0,82498,0,GPS1_Frame,42.338263999999995,-71.08651016666666,27.4,328114.7864325545,4689442.781821734,4,19,T
1665096899.0408509,0,82499,0,GPS1_Frame,42.338263999999995,-71.08651,27.4,328114.8001630078,4689442.781484822,4,19,T
1665096900.013479,0,82500,0,GPS1_Frame,42.338263999999995,-71.08651,27.4,328114.8001630078,4689442.781484822,4,19,T
1665096901.0419557,0,82501,0,GPS1_Frame,42.338263999999995,-71.08651,27.4,328114.8001630078,4689442.781484822,4,19,T
1665096902.0162482,0,82502,0,GPS1_Frame,42.338263999999995,-71.08651,27.4,328114.8001630078,4689442.781484822,4,19,T
1665096903.0434065,0,82503,0,GPS1_Frame,42.338263999999995,-71.08651,27.4,328114.8001630078,4689442.781484822,4,19,T
1665096904.0176888,0,82504,0,GPS1_Frame,42.338263999999995,-71.08651,27.4,328114.8001630078,4689442.781484822,4,19,T
1665096905.0353615,0,82505,0,GPS1_Frame,42.338263999999995,-71.08651,27.4,328114.8001630078,4689442.781484822,4,19,T
1665096906.013444,0,82506,0,GPS1_Frame,42.338263999999995,-71.08651,27.4,328114.8001630078,4689442.781484822,4,19,T
1665096907.0406654,0,82507,0,GPS1_Frame,42.338263999999995,-71.08651,27.4,328114.8001630078,4689442.781484822,4,19,T
1665096908.0161757,0,82508,0,GPS1_Frame,42.338263999999995,-71.08651,27.4,328114.8001630078,4689442.781484822,4,19,T
1665096909.0422575,0,82509,0,GPS1_Frame,42.338263999999995,-71.08651,27.4,328114.8001630078,4689442.781484822,4,19,T
1665096910.0169961,0,82510,0,GPS1_Frame,42.338263999999995,-71.08651,27.4,328114.8001630078,4689442.781484822,4,19,T
1665096911.0411963,0,82511,0,GPS1_Frame,42.338263999999995,-71.08651,27.4,328114.8001630078,4689442.781484822,4,19,T
1665096912.016785,0,82512,0,GPS1_Frame,42.338263999999995,-71.08651,27.4,328114.8001630078,4689442.781484822,4,19,T
1665096913.0408628,0,82513,0,GPS1_Frame,42.338263999999995,-71.08651,27.4,328114.8001630078,4689442.781484822,4,19,T
1665096914.0161502,0,82514,0,GPS1_Frame,42.338263999999995,-71.08651,27.4,328114.8001630078,4689442.781484822,4,19,T
1665096915.038838,0,82515,0,GPS1_Frame,42.338263999999995,-71.08651,27.4,328114.8001630078,4689442.781484822,4,19,T
1665096916.016183,0,82516,0,GPS1_Frame,42.338263999999995,-71.08651,27.4,328114.8001630078,4689442.781484822,4,19,T
1665096917.0396752,0,82517,0,GPS1_Frame,42.338263999999995,-71.08651,27.4,328114.8001630078,4689442.781484822,4,19,T
1665096918.012658,0,82518,0,GPS1_Frame,42.338263999999995,-71.08651,27.4,328114.8001630078,4689442.781484822,4,19,T
1665096919.0430846,0,82519,0,GPS1_Frame,42.338263999999995,-71.08651,27.4,328114.8001630078,4689442.781484822,4,19,T
1665096920.0172114,0,82520,0,GPS1_Frame,42.338263999999995,-71.08651,27.4,328114.8001630078,4689442.781484822,4,19,T
1665096921.0407505,0,82521,0,GPS1_Frame,42.338263999999995,-71.08651,27.4,328114.8001630078,4689442.781484822,4,19,T
1665096922.0170012,0,82522,0,GPS1_Frame,42.338263999999995,-71.08651,27.4,328114.8001630078,4689442.781484822,4,19,T
1665096923.0371006,0,82523,0,GPS1_Frame,42.338263999999995,-71.08651,27.4,328114.8001630078,4689442.781484822,4,19,T
1665096924.0158367,0,82524,0,GPS1_Frame,42.338263999999995,-71.08651,27.4,328114.8001630078,4689442.781484822,4,19,T
1665096925.0409393,0,82525,0,GPS1_Frame,42.338263999999995,-71.08651,27.4,328114.8001630078,4689442.781484822,4,19,T
1665096926.0155513,0,82526,0,GPS1_Frame,42.338264166666676,-71.08651,27.4,328114.80061712745,4689442.799991886,4,19,T
1665096927.039856,0,82527,0,GPS1_Frame,42.338263999999995,-71.08651016666666,27.4,328114.7864325545,4689442.781821734,4,19,T
1665096928.0159218,0,82528,0,GPS1_Frame,42.338263999999995,-71.08651016666666,27.4,328114.7864325545,4689442.781821734,4,19,T
1665096929.0397184,0,82529,0,GPS1_Frame,42.338263999999995,-71.08651,27.4,328114.8001630078,4689442.781484822,4,19,T
1665096930.0155401,0,82530,0,GPS1_Frame,42.338263999999995,-71.08651,27.4,328114.8001630078,4689442.781484822,4,19,T
1665096931.039495,0,82531,0,GPS1_Frame,42.338263999999995,-71.08651,27.4,328114.8001630078,4689442.781484822,4,19,T
1665096932.0155215,0,82532,0,GPS1_Frame,42.338263999999995,-71.08651,27.4,328114.8001630078,4689442.781484822,4,19,T
1665096933.0397575,0,82533,0,GPS1_Frame,42.338263999999995,-71.08651,27.4,328114.8001630078,4689442.781484822,4,19,T
1665096934.011529,0,82534,0,GPS1_Frame,42.338263999999995,-71.08651,27.4,328114.8001630078,4689442.781484822,4,19,T
1665096935.0391808,0,82535,0,GPS1_Frame,42.338263999999995,-71.08651,27.4,328114.8001630078,4689442.781484822,4,19,T
1665096936.0164125,0,82536,0,GPS1_Frame,42.338263999999995,-71.08651,27.4,328114.8001630078,4689442.781484822,4,19,T
1665096937.0401442,0,82537,0,GPS1_Frame,42.338263999999995,-71.08651,27.4,328114.8001630078,4689442.781484822,4,19,T
1665096938.0157034,0,82538,0,GPS1_Frame,42.338263999999995,-71.08651,27.4,328114.8001630078,4689442.781484822,4,19,T
1665096939.0389144,0,82539,0,GPS1_Frame,42.338263999999995,-71.08651,27.4,328114.8001630078,4689442.781484822,4,19,T
1665096940.0162613,0,82540,0,GPS1_Frame,42.338263999999995,-71.08651,27.4,328114.8001630078,4689442.781484822,4,19,T
1665096941.0384495,0,82541,0,GPS1_Frame,42.338263999999995,-71.08651,27.4,328114.8001630078,4689442.781484822,4,19,T
1665096942.0131412,0,82542,0,GPS1_Frame,42.338263999999995,-71.08651,27.4,328114.8001630078,4689442.781484822,4,19,T
1665096943.0388014,0,82543,0,GPS1_Frame,42.338263999999995,-71.08651,27.4,328114.8001630078,4689442.781484822,4,19,T
1665096944.0162754,0,82544,0,GPS1_Frame,42.338263999999995,-71.08651,27.4,328114.8001630078,4689442.781484822,4,19,T
1665096945.039764,0,82545,0,GPS1_Frame,42.338263999999995,-71.08651,27.4,328114.8001630078,4689442.781484822,4,19,T
1665096946.0156531,0,82546,0,GPS1_Frame,42.338263999999995,-71.08651,27.4,328114.8001630078,4689442.781484822,4,19,T
1665096947.0397935,0,82547,0,GPS1_Frame,42.338263999999995,-71.08651,27.4,328114.8001630078,4689442.781484822,4,19,T
1665096948.013191,0,82548,0,GPS1_Frame,42.338263999999995,-71.08651,27.4,328114.8001630078,4689442.781484822,4,19,T
1665096949.037991,0,82549,0,GPS1_Frame,42.338263999999995,-71.08651016666666,27.4,328114.7864325545,4689442.781821734,4,19,T
1665096950.0136926,0,82550,0,GPS1_Frame,42.338263999999995,-71.08651,27.4,328114.8001630078,4689442.781484822,4,19,T
1665096951.0376692,0,82551,0,GPS1_Frame,42.338263999999995,-71.08651,27.4,328114.8001630078,4689442.781484822,4,19,T
1665096952.0148997,0,82552,0,GPS1_Frame,42.338263999999995,-71.08651,27.4,328114.8001630078,4689442.781484822,4,19,T
1665096953.039176,0,82553,0,GPS1_Frame,42.338263999999995,-71.08651,27.4,328114.8001630078,4689442.781484822,4,19,T
1665096954.0148323,0,82554,0,GPS1_Frame,42.338263999999995,-71.08651,27.4,328114.8001630078,4689442.781484822,4,19,T
1665096955.038497,0,82555,0,GPS1_Frame,42.338263999999995,-71.08651,27.4,328114.8001630078,4689442.781484822,4,19,T
1665096956.0151727,0,82556,0,GPS1_Frame,42.338263999999995,-71.08651,27.4,328114.8001630078,4689442.781484822,4,19,T
1665096957.039146,0,82557,0,GPS1_Frame,42.338263999999995,-71.08651,27.4,328114.8001630078,4689442.781484822,4,19,T
1665096958.010458,0,82558,0,GPS1_Frame,42.338263999999995,-71.08651,27.4,328114.8001630078,4689442.781484822,4,19,T
1665096959.0336454,0,82559,0,GPS1_Frame,42.338263999999995,-71.08651,27.4,328114.8001630078,4689442.781484822,4,19,T
1665096960.013117,0,82560,0,GPS1_Frame,42.338263999999995,-71.08651016666666,27.4,328114.7864325545,4689442.781821734,4,19,T
1665096961.0400412,0,82561,0,GPS1_Frame,42.338263999999995,-71.08651,27.4,328114.8001630078,4689442.781484822,4,19,T
1665096962.0137017,0,82562,0,GPS1_Frame,42.338263999999995,-71.08651,27.4,328114.8001630078,4689442.781484822,4,19,T
1665096963.0399714,0,82563,0,GPS1_Frame,42.338263999999995,-71.08651,27.4,328114.8001630078,4689442.781484822,4,19,T
1665096964.0155156,0,82564,0,GPS1_Frame,42.338263999999995,-71.08651,27.4,328114.8001630078,4689442.781484822,4,19,T
1665096965.042161,0,82565,0,GPS1_Frame,42.338263999999995,-71.08651,27.4,328114.8001630078,4689442.781484822,4,19,T
1665096966.0147874,0,82566,0,GPS1_Frame,42.338263999999995,-71.08651,27.4,328114.8001630078,4689442.781484822,4,19,T
1665096967.039939,0,82567,0,GPS1_Frame,42.338263999999995,-71.08651,27.4,328114.8001630078,4689442.781484822,4,19,T
1665096968.0135274,0,82568,0,GPS1_Frame,42.338263999999995,-71.08651,27.4,328114.8001630078,4689442.781484822,4,19,T
1665096969.0385127,0,82569,0,GPS1_Frame,42.338263999999995,-71.08651,27.4,328114.8001630078,4689442.781484822,4,19,T
1665096970.0111258,0,82570,0,GPS1_Frame,42.338263999999995,-71.08651,27.4,328114.8001630078,4689442.781484822,4,19,T
1665096971.0361292,0,82571,0,GPS1_Frame,42.338263999999995,-71.08651,27.4,328114.8001630078,4689442.781484822,4,19,T
1665096972.0110226,0,82572,0,GPS1_Frame,42.338263999999995,-71.08651,27.4,328114.8001630078,4689442.781484822,4,19,T
1665096973.036162,0,82573,0,GPS1_Frame,42.338263999999995,-71.08651,27.4,328114.8001630078,4689442.781484822,4,19,T
1665096974.0098884,0,82574,0,GPS1_Frame,42.338263999999995,-71.08651,27.4,328114.8001630078,4689442.781484822,4,19,T
1665096975.0374064,0,82575,0,GPS1_Frame,42.338263999999995,-71.08651,27.4,328114.8001630078,4689442.781484822,4,19,T
1665096976.010985,0,82576,0,GPS1_Frame,42.338263999999995,-71.08651,27.4,328114.8001630078,4689442.781484822,4,19,T
1665096977.0308812,0,82577,0,GPS1_Frame,42.338263999999995,-71.08651,27.4,328114.8001630078,4689442.781484822,4,19,T
1665096978.011576,0,82578,0,GPS1_Frame,42.338263999999995,-71.08651,27.4,328114.8001630078,4689442.781484822,4,19,T
1665096979.039701,0,82579,0,GPS1_Frame,42.338263999999995,-71.08651,27.4,328114.8001630078,4689442.781484822,4,19,T
1665096980.0141456,0,82580,0,GPS1_Frame,42.338263999999995,-71.08651,27.4,328114.8001630078,4689442.781484822,4,19,T
1665096981.0388463,0,82581,0,GPS1_Frame,42.338263999999995,-71.08651016666666,27.4,328114.7864325545,4689442.781821734,4,19,T
1665096982.0141847,0,82582,0,GPS1_Frame,42.338263999999995,-71.08651,27.4,328114.8001630078,4689442.781484822,4,19,T
1665096983.0378702,0,82583,0,GPS1_Frame,42.338263999999995,-71.08651,27.4,328114.8001630078,4689442.781484822,4,19,T
1665096984.0152452,0,82584,0,GPS1_Frame,42.338263999999995,-71.08651,27.4,328114.8001630078,4689442.781484822,4,19,T
1665096985.0392478,0,82585,0,GPS1_Frame,42.338263999999995,-71.08651,27.4,328114.8001630078,4689442.781484822,4,19,T
1665096986.0123131,0,82586,0,GPS1_Frame,42.338263999999995,-71.08651,27.4,328114.8001630078,4689442.781484822,4,19,T
1665096987.0371506,0,82587,0,GPS1_Frame,42.338263999999995,-71.08651,27.4,328114.8001630078,4689442.781484822,4,19,T
1665096988.014697,0,82588,0,GPS1_Frame,42.338263999999995,-71.08651,27.4,328114.8001630078,4689442.781484822,4,19,T
1665096989.0371559,0,82589,0,GPS1_Frame,42.338263999999995,-71.08651,27.4,328114.8001630078,4689442.781484822,4,19,T
1665096990.0153844,0,82590,0,GPS1_Frame,42.338263999999995,-71.08651,27.4,328114.8001630078,4689442.781484822,4,19,T
1665096991.0393045,0,82591,0,GPS1_Frame,42.338263999999995,-71.08651,27.4,328114.8001630078,4689442.781484822,4,19,T
1665096992.0135095,0,82592,0,GPS1_Frame,42.338263999999995,-71.08651016666666,27.4,328114.7864325545,4689442.781821734,4,19,T
1665096993.0375693,0,82593,0,GPS1_Frame,42.338263999999995,-71.08651,27.4,328114.8001630078,4689442.781484822,4,19,T
1665096994.0126772,0,82594,0,GPS1_Frame,42.338263999999995,-71.08651016666666,27.4,328114.7864325545,4689442.781821734,4,19,T
1665096995.035008,0,82595,0,GPS1_Frame,42.338263999999995,-71.08651016666666,27.4,328114.7864325545,4689442.781821734,4,19,T
1665096996.0129032,0,82596,0,GPS1_Frame,42.338263999999995,-71.08651,27.4,328114.8001630078,4689442.781484822,4,19,T
1665096997.0373836,0,82597,0,GPS1_Frame,42.338263999999995,-71.08651016666666,27.4,328114.7864325545,4689442.781821734,4,19,T
1665096998.0115097,0,82598,0,GPS1_Frame,42.338263999999995,-71.08651016666666,27.4,328114.7864325545,4689442.781821734,4,19,T
1665096999.0395265,0,82599,0,GPS1_Frame,42.338263999999995,-71.08651,27.4,328114.8001630078,4689442.781484822,4,19,T
1665097000.0158446,0,82600,0,GPS1_Frame,42.338263999999995,-71.08651,27.4,328114.8001630078,4689442.781484822,4,19,T
1665097001.03777,0,82601,0,GPS1_Frame,42.338263999999995,-71.08651,27.4,328114.8001630078,4689442.781484822,4,19,T
1665097002.0147293,0,82602,0,GPS1_Frame,42.338263999999995,-71.08651,27.4,328114.8001630078,4689442.781484822,4,19,T
1665097003.0386727,0,82603,0,GPS1_Frame,42.338263999999995,-71.08651,27.4,328114.8001630078,4689442.781484822,4,19,T
1665097004.0137684,0,82604,0,GPS1_Frame,42.338263999999995,-71.08651,27.4,328114.8001630078,4689442.781484822,4,19,T
1665097005.0363152,0,82605,0,GPS1_Frame,42.338263999999995,-71.08651016666666,27.4,328114.7864325545,4689442.781821734,4,19,T
1665097006.0130987,0,82606,0,GPS1_Frame,42.338263999999995,-71.08651016666666,27.4,328114.7864325545,4689442.781821734,4,19,T
1665097007.0382333,0,82607,0,GPS1_Frame,42.338263999999995,-71.08651016666666,27.4,328114.7864325545,4689442.781821734,4,19,T
1665097008.0151925,0,82608,0,GPS1_Frame,42.338263999999995,-71.08651,27.4,328114.8001630078,4689442.781484822,4,19,T
1665097009.034975,0,82609,0,GPS1_Frame,42.338263999999995,-71.08651,27.4,328114.8001630078,4689442.781484822,4,19,T
1665097010.0148132,0,82610,0,GPS1_Frame,42.338263999999995,-71.08651,27.4,328114.8001630078,4689442.781484822,4,19,T
1665097011.039074,0,82611,0,GPS1_Frame,42.338263999999995,-71.08651,27.4,328114.8001630078,4689442.781484822,4,19,T
1665097012.014369,0,82612,0,GPS1_Frame,42.338263999999995,-71.08651,27.4,328114.8001630078,4689442.781484822,4,19,T
1665097013.0360863,0,82613,0,GPS1_Frame,42.338263999999995,-71.08651,27.4,328114.8001630078,4689442.781484822,4,19,T
1665097014.0129454,0,82614,0,GPS1_Frame,42.338263999999995,-71.08651016666666,27.4,328114.7864325545,4689442.781821734,4,19,T
1665097015.0386422,0,82615,0,GPS1_Frame,42.338263999999995,-71.08651,27.4,328114.8001630078,4689442.781484822,4,19,T
1665097016.0158226,0,82616,0,GPS1_Frame,42.338263999999995,-71.08651,27.4,328114.8001630078,4689442.781484822,4,19,T
